Respondent ID,Q1,Q2,Q3,Q4,Q5,Q6,Q7,Q8,Q9,Q10
1,Strongly Agree,Disagree,Strongly Agree,Neutral,Neutral,Strongly Disagree,Neutral,Disagree,Neutral,Neutral
2,Agree,Disagree,Neutral,Disagree,Agree,Disagree,Agree,Disagree,Agree,Disagree
3,Agree,Strongly Disagree,Agree,Disagree,Agree,Neutral,Agree,Disagree,Agree,Strongly Disagree
4,Neutral,Neutral,Strongly Agree,Disagree,Strongly Agree,Neutral,Neutral,Neutral,Strongly Agree,Neutral
5,Agree,Strongly Disagree,Agree,Strongly Disagree,Agree,Strongly Disagree,Agree,Strongly Disagree,Agree,Strongly Disagree